[
  {
    "id": "قانون ١",
    "title": "﹝لغة・السيرفر﹞–║˼✎˹",
    "description": "data/file1.txt"
  },
  {
    "id": "قانون ٢",
    "title": "﹝قوانين・العصابات﹞–║˼✎˹",
    "description": "data/file2.txt"
  },
  {
    "id": "قانون ٣",
    "title": "﹝قوانين・الداخلية﹞–║˼✎˹",
    "description": "data/file3.txt"
  },
  {
    "id": "قانون ٤",
    "title": "﹝قسم・الولاء﹞–║˼✎˹",
    "description": "data/file4.txt"
  },
  {
    "id": "قانون ٥",
    "title": "﹝قوانين・العامه﹞–║˼✎˹",
    "description": "data/file5.txt"
  },
  {
    "id": "قانون ٦",
    "title": "﹝قوانين・الرقابة﹞–║˼✎˹",
    "description": "data/file6.txt"
  },
  {
    "id": "قانون ٧",
    "title": "﹝خريطة・السيرفر﹞–║˼✎˹",
    "description": "data/file7.txt"
  },
  {
    "id": "قانون ٨",
    "title": "﹝قوانين・الاعدام﹞–║˼✎˹",
    "description": "data/file8.txt"
  },
  {
    "id": "قانون ٩",
    "title": "﹝قوانين・القيادة﹞–║˼✎˹",
    "description": "data/file9.txt"
  },
  {
    "id": "قانون ١٠",
    "title": "﹝قوانين・السيناريو﹞–║˼✎˹",
    "description": "data/file10.txt"
  },
  {
    "id": "قانون ١١",
    "title": "﹝قوانين・الدسكورد﹞–║˼✎˹",
    "description": "data/file11.txt"
  },
  {
    "id": "قانون ١٢",
    "title": "﹝دستور・الدولة﹞–║˼✎˹",
    "description": "data/file12.txt"
  }
]